player_id,player,orapm,drapm,rapm,ci_low,ci_high,stint_appearances,estimated_minutes,stints_played
1641748,Andre Jackson Jr.,9.707737505575501,1.8018551730795231,11.502901410559788,5.412942680435894,17.684425602185986,931,697.3344000000014,931
1630174,Aaron Nesmith,3.534595478283918,5.338515235931656,8.866419446120332,3.072158238670087,14.758143858962129,1097,724.2144000000012,1097
1628381,John Collins,4.565763590902812,3.0167536701176583,7.5758259929252345,1.478651508954319,12.72550370763823,1028,786.2496000000009,1028
1628404,Josh Hart,1.5302562446076333,5.1614105252985265,6.684975501810926,-0.2766253248550976,11.885594150171235,2090,1720.3776000000116,2090
201572,Brook Lopez,1.788072651169891,4.860401005597158,6.641782388671817,1.8472377097155115,11.390848455959643,1566,1222.0128000000063,1566
1628379,Luke Kennard,3.2267086303320434,3.2248807671209447,6.444898129357752,0.4584706045063946,11.161249566789657,2070,1257.552000000007,2070
1628378,Donovan Mitchell,3.5065380984976526,2.3339988910306055,5.833845721433021,0.6111950645031474,10.99168639355355,1953,1495.3728000000085,1953
1629012,Collin Sexton,3.563279854269279,2.256072177563622,5.81266076373767,0.07086954746761435,12.132887635886014,1189,996.2304000000023,1189
1631243,Mouhamed Gueye,4.05512677588602,1.5510162632919164,5.599451771082703,-1.7063944535547197,12.136882521352245,484,356.8416000000004,484
1630193,Immanuel Quickley,3.6702526106582845,1.849418443397309,5.512979785960357,-0.7457105340659855,10.820956431066652,649,587.8176000000004,649
1642273,Kyshawn George,2.3801562352376275,3.108111412720985,5.4815763798633785,-0.5777580724354279,10.472434317484693,1702,1232.025600000004,1702
1631099,Keegan Murray,0.7942310050402055,4.660644427379097,5.448184164324065,0.858564646172409,10.569049401852878,2399,1759.9776000000152,2399
1627832,Fred VanVleet,1.106870022903348,4.332988608070973,5.433167362879081,0.319347604991767,10.200835526973348,2192,1501.4688000000076,2192
1631101,Shaedon Sharpe,2.289446360500258,2.707723851705045,4.990478944110069,-0.2661850195943606,9.813349488250719,2039,1502.0256000000024,2039
203944,Julius Randle,3.2009560628237885,1.7800937342762695,4.974358529004823,-0.09490020657028969,9.87115079391373,1984,1518.6912000000084,1984
1628991,Jaren Jackson Jr.,2.2078238215403196,2.562739258423311,4.763871811868395,-1.6523573027562084,9.95029661117534,1648,1273.0464000000052,1648
1631223,David Roddy,1.7575926078322994,3.0117725090071827,4.762673848744246,-0.6925695435276932,9.294636433086065,531,344.9280000000005,531
1630596,Evan Mobley,2.9942824118655498,1.7454237360268297,4.733014879797145,-0.6207356025656104,9.959307474728888,1808,1448.2464000000061,1808
1629655,Daniel Gafford,2.442252220537218,2.27263360830867,4.708194560750655,-0.10922656085474149,10.666903318185625,1332,935.116800000002,1332
1629669,Jaylen Nowell,3.0153112712027625,1.6940271494839019,4.702647152591428,-0.1663346854855661,9.437451667172446,207,131.6736000000002,207
1631103,Malaki Branham,3.839495651586386,0.8612591996849568,4.6940635831761055,-0.9990749605522801,9.878606845891289,418,274.10880000000026,418
201939,Stephen Curry,3.819392320983888,0.8751836541486798,4.68788470703733,-0.04780800132877568,9.276596738737656,2374,1442.1120000000085,2374
1629650,Moses Brown,1.6211348793085838,3.0143184849197087,4.628762096133061,0.36350745121699285,9.730083804311297,263,171.6096000000002,263
1629634,Brandon Clarke,4.187903580006217,0.4442140121719483,4.625426324082929,0.6182609073345603,8.931850613275317,1491,859.4880000000029,1491
1630533,Ziaire Williams,-1.2454166883875983,5.831156174464589,4.579048217981753,-0.1750176855997177,9.538481860673082,1262,891.2544000000016,1262
1630178,Tyrese Maxey,-1.702349904171089,6.029475009507125,4.3204338372408,-0.43628005993481994,8.863556585876891,1769,1392.2880000000032,1769
2544,LeBron James,2.937857413021162,1.2748450280345291,4.206011172960451,-0.9156948284126101,8.9438950052197,1683,1300.9632000000067,1683
1628976,Wendell Carter Jr.,4.038745295121662,0.16905883346656053,4.201112860492987,-1.51112206978952,9.989707986404067,1583,1047.8208000000027,1583
1631218,Trayce Jackson-Davis,3.453799711635332,0.6536958931451163,4.100804336685211,-1.108296255319109,9.85704341793595,932,605.5392000000011,932
1626157,Karl-Anthony Towns,3.6901393323149945,0.37524784041498305,4.058695904634739,-1.4594859111043124,9.27087859948091,1713,1392.7296000000078,1713
203924,Jerami Grant,3.3087535856191606,0.6855116264139991,3.9875739439379214,-0.5443735949653635,8.831711191730811,1202,883.920000000001,1202
101108,Chris Paul,1.061435130146177,2.9248941457081346,3.979638007759077,-1.8305146964790933,9.108923951174239,1473,1125.6768000000052,1473
203897,Zach LaVine,4.0332053715417375,-0.05693220988633423,3.969581893560165,-0.7752543835874094,8.863462140237294,2468,1759.8240000000158,2468
1641764,Brandin Podziemski,2.7917200220879583,1.112067896626323,3.8970966506190483,-0.934014861441776,7.855344515919641,1682,1118.966400000005,1682
1629652,Luguentz Dort,3.107905750444405,0.7893968583241374,3.8906113406733045,-1.4373309574197817,9.030561582605511,1471,1074.998400000002,1471
1641741,Ricky Council IV,-0.3679475844205545,4.238512373581589,3.8638735210657944,-1.5608583309792154,9.266687057771447,1776,1248.0576000000028,1776
1627763,Malcolm Brogdon,0.8156775118975065,2.974961510000916,3.783947753803186,-2.653896316931202,9.45964514971513,539,408.9792000000005,539
1630558,Davion Mitchell,0.48083378782192715,3.252488558735064,3.7266310784617547,-2.0748723470400066,8.857397416633882,2391,1587.0912000000128,2391
1630595,Cade Cunningham,0.10834727379790753,3.5848502393459154,3.686506245048584,-2.5172824768300006,9.699502652741232,2255,1540.2720000000077,2255
1630552,Jalen Johnson,0.36566651724320914,3.307581634182424,3.666556883330397,-2.25320669532797,10.298000882627228,947,841.3152000000011,947
1629022,Lonnie Walker IV,1.8218826330773907,1.8211252879658983,3.6363166529480533,-1.826002653694951,8.947698012745436,349,276.59520000000026,349
1642402,Enrique Freeman,2.389399644970072,1.246543937264823,3.6292523141396584,0.7878270626028638,6.769453744330175,249,165.00480000000002,249
1629675,Naz Reid,1.7354665577186572,1.8993943479182602,3.628169637541683,-1.4730352201104302,9.782714949170911,2101,1346.9472000000094,2101
1641731,Bilal Coulibaly,2.448084639148907,1.160970285393337,3.6023636564470074,-1.3493336395301538,8.601071535109842,2189,1495.1328000000105,2189
1631245,Quenton Jackson,2.36070853834608,1.2437156478829143,3.5977329181337563,-0.9564902005969316,8.168733584890203,422,323.5584000000001,422
1630625,Dalano Banton,3.281808597825874,0.3044655893964327,3.5795829191270694,-3.695743603157718,9.64536214569137,1246,898.1760000000017,1246
1642268,Isaiah Collier,1.8825626785450211,1.6446187359419093,3.5204901463916927,-3.446597054207375,9.835232786226992,1610,1266.115200000004,1610
1630530,Trey Murphy III,1.8809986215625516,1.5696315612933702,3.443938914760685,-0.7381320314475108,8.503035728596748,2028,1473.9360000000088,2028
203935,Marcus Smart,1.552386698158415,1.8697571669992925,3.4154525970624703,-2.1831971026530956,10.162901989583146,876,595.1232000000006,876
1630643,Jay Huff,1.3592835254190634,2.043158350377406,3.3957506077012334,-1.461369728768085,8.439671276401716,1120,611.376000000002,1120
1627827,Dorian Finney-Smith,2.182193110678758,1.182225153133612,3.357726995717134,-1.9490531677887144,8.612553586257274,1866,1200.633600000006,1866
1629048,Goga Bitadze,0.7566518887019541,2.603402542785387,3.353363163392103,-2.289134033727164,8.91469954455785,1139,827.9904000000016,1139
1641842,Ronald Holland II,-0.7011969944147929,3.981038855475629,3.273150592965597,-1.910783998391554,8.507512306488156,1313,855.9552000000012,1313
1631200,Kris Murray,1.479209797521819,1.7507263406781042,3.2232448701046854,-2.3932753284081825,8.158144829232253,1407,931.1232000000027,1407
1629646,Charles Bassey,3.214286662718678,-0.1352900549300594,3.072305339693384,-0.3220444043984088,6.919503642306261,557,304.9056000000005,557
1642345,Oso Ighodaro,1.8198268788393832,1.1915563382136105,3.004691948957759,-2.621184450080017,8.019876652887161,1290,856.8960000000023,1290
1630692,Jordan Goodwin,2.964598793508496,0.038984173697525576,2.9968916991107815,-2.222517250754439,8.787642781184267,729,468.22080000000085,729
1630598,Aaron Wiggins,-1.7765942592033903,4.7692508603434645,2.9859653330448324,-2.174441159219042,7.932685025722558,1784,1226.784000000005,1784
1642354,KJ Simpson,0.10288037293751255,2.8872330922114116,2.983422197053686,-1.0182945297933907,7.696118034225974,889,572.8128000000014,889
1641794,Dillon Jones,0.6481192472824105,2.3156290390765797,2.9570570182637526,-0.9266702285337525,6.522641105992487,857,552.480000000001,857
1630214,Xavier Tillman,0.1567437511102095,2.7620192922359497,2.912071775250922,-0.9899801077009226,7.052698895051208,305,210.5568000000003,305
1628983,Shai Gilgeous-Alexander,1.2832121666275136,1.6344686799271977,2.910989578459476,-1.2161883227849644,6.851425962396774,3979,2848.0607999998942,3979
1641739,Toumani Camara,0.4755737482346412,2.3521073282215856,2.8209898083609914,-3.468926058392729,7.537570100205352,2676,1886.140800000009,2676
1630578,Alperen Sengun,0.05249050594344101,2.7366098385239166,2.7824090763721205,-2.41616600283567,8.090497468317752,1790,1335.820800000003,1790
202685,Jonas Valančiūnas,2.793179479247186,-0.05915458964737888,2.7273336215045707,-2.581574861936229,9.426246960710836,1462,1022.8416000000033,1462
1626145,Tyus Jones,3.2823568185854755,-0.6012758517210541,2.6743896987691853,-2.5015470677550016,8.668571539226539,1652,1101.7728000000047,1652
1642358,AJ Johnson,1.6659089076580793,0.9952697850130021,2.654487424575846,-1.8238174428698448,8.333815310278927,595,468.6240000000002,595
1628389,Bam Adebayo,4.716422042222062,-2.0626575336083923,2.6470732405184374,-2.8123702679089653,7.627215370549095,1971,1502.8032000000096,1971
1631157,Ryan Rollins,0.7702278650539353,1.7641566450914632,2.527693242050162,-3.044593351315828,7.3485885318816155,1061,740.275200000002,1061
203914,Gary Harris,3.44372617961142,-0.9281590727815623,2.508875838734621,-2.6342101276321226,7.060470009537779,926,559.6992000000015,926
1641725,Trey Alexander,1.0590149216273412,1.4411023454745047,2.4934259990066105,0.04115925629743281,5.65136857804707,157,113.48160000000004,157
1631093,Jaden Ivey,3.279405339387485,-0.8254209657218482,2.447293105570401,-3.439693597223701,7.496240017647857,976,666.3072000000018,976
1641775,Jordan Walsh,1.9987449320017212,0.4325466805571332,2.424600344463618,-2.4198158378426218,7.104290282670882,625,419.4144000000005,625
1630573,Sam Hauser,3.4595004745128843,-1.0283646042674877,2.4244446021501616,-4.6548883860288495,8.926684895296328,1400,1035.4272000000035,1400
1629162,Jordan McLaughlin,0.22984207979170823,2.1806794969938172,2.403830308690289,-1.1834949209195365,6.062828001361099,509,293.80800000000033,509
203507,Giannis Antetokounmpo,0.12303906682740719,2.2859327083282617,2.402280507060433,-2.7460239507682456,6.73161478289581,2770,1988.7264000000148,2770
1630559,Austin Reaves,1.1134207196303292,1.2948785163997756,2.4016079679348667,-2.197801152919011,7.155103090642881,2115,1521.7056000000096,2115
1631222,Jake LaRavia,1.9751922304947898,0.4243988090197255,2.392899771419279,-2.012231106207368,7.931526763474045,2193,1354.8288000000102,2193
1631288,Jamal Cain,-1.070815821587048,3.46782281232275,2.390315722640465,-2.4437886462045513,7.303319100322403,426,287.98080000000016,426
1630170,Devin Vassell,0.30614980282062004,2.0480087135777505,2.347467248303135,-3.519464649192884,7.262248469275828,2192,1560.691200000007,2192
1630172,Patrick Williams,3.594020972533514,-1.2471211160487028,2.340208588389575,-2.59434514793293,7.563470591910061,1587,1131.2736000000052,1587
1628368,De'Aaron Fox,1.927980700634716,0.4129240274985926,2.334213460038073,-2.7397876645955677,6.7700926906377985,1794,1475.3952000000086,1794
1641708,Amen Thompson,1.90980292910462,0.4302068841482354,2.3333185451576175,-3.353228952849735,8.042539299646169,2214,1527.1776000000077,2214
1628970,Miles Bridges,1.598055787691581,0.7282944773631125,2.3196589969594577,-2.4797581926996886,7.4206343510838915,2037,1374.0384000000101,2037
1627736,Malik Beasley,0.5571062877383158,1.7465738671121465,2.296988886755224,-2.941806488903816,7.9618175144960714,3085,1923.2256000000164,3085
1626167,Myles Turner,1.1961855694202537,1.0940337674674117,2.2835280687924286,-2.8230940766408663,7.108947468462456,1890,1287.1584000000055,1890
1641740,Jaylen Clark,2.2514045166555565,0.02807121348438666,2.272784462044707,-3.0111716959073878,7.482578747453033,924,656.9568000000017,924
1642261,Dalton Knecht,1.6472694754898156,0.5978051315680996,2.2383833389626804,-2.8178529122365488,7.116503066417772,1421,911.8656000000022,1421
203994,Jusuf Nurkić,2.5843420117499782,-0.3657026777199936,2.211948065934749,-2.3698767627575226,6.309557601490741,405,292.5888000000001,405
1628470,Torrey Craig,1.0313892205994941,1.1825794182187381,2.207277370722995,-1.805371070637876,6.121264126933055,355,234.19199999999995,355
201145,Jeff Green,2.6207313006411987,-0.43054603188020724,2.183494000665755,-4.577507441571464,8.209562526736027,554,474.8160000000009,554
1630649,Stanley Umude,0.8730207120174464,1.297491434392759,2.1638208783149704,0.3940243014059331,3.7803909306172465,63,49.65119999999999,63
202704,Reggie Jackson,0.6351328455916648,1.524420880462461,2.15286245795889,-1.4269949084784577,6.158370532938618,455,311.5584000000004,455
1630217,Desmond Bane,0.32045713762838973,1.8025450839051667,2.116310953438321,-2.7345596469721247,7.391743563620694,2379,1531.7856000000095,2379
1626179,Terry Rozier,-0.46766190675207864,2.5900491626992697,2.1156959878519555,-3.6957746768460864,6.682817338579246,1558,1117.2576000000042,1558
1630169,Tyrese Haliburton,-0.21017143665184612,2.332040326195522,2.1151776214484395,-2.535249280016469,7.468268837979354,2706,1841.7408000000141,2706
203501,Tim Hardaway Jr.,1.9134462414278437,0.18639998645350464,2.0931549597861103,-3.916929412074853,7.771816416589001,2039,1484.832000000006,2039
1628960,Grayson Allen,0.8550029896849988,1.243732354765519,2.0920440763552812,-2.7029068957767444,6.9381865780854035,1791,1198.953600000005,1791
1631128,Christian Braun,0.996174906218018,1.0953903260475635,2.084873964170347,-2.4359669639714316,6.7327446261526,2699,2190.172799999997,2699
1627732,Ben Simmons,1.0677731617986768,1.0206951945022926,2.081777088205735,-3.4701589282187473,6.939117372100238,1180,731.2704000000025,1180
1631303,Justin Minaya,0.6719714541991033,1.3767532956218311,2.0420334817256993,-0.11119950186304749,4.900424072389874,110,67.97760000000004,110
1631232,Keion Brooks Jr.,1.1814898381044048,0.8372206239474793,2.0120191939566494,-2.770596757457516,6.613606785775225,308,234.0671999999999,308
1630322,Lindy Waters III,1.591453435871915,0.4099311174976324,1.994693285274311,-2.6335724868660586,6.512098512513349,643,368.6400000000006,643
1631213,Tyrese Martin,1.8107260774839664,0.17198547837134412,1.976020287760073,-2.992405890466938,6.845861854097023,1557,910.3872000000032,1557
698,Eddie Johnson,1.971028751051263,0.0,1.964337482956026,-2.1161699687029962,4.653322120554288,186,114.79680000000002,186
1629627,Zion Williamson,0.6437168231925235,1.3183067918798188,1.955332346977105,-3.425398881323789,7.238258468740166,672,606.7776000000002,672
1627751,Jakob Poeltl,0.22520260471705408,1.7324315528998468,1.9509428895216652,-2.8843728778582003,6.574632475323607,1467,1045.5264000000032,1467
1629011,Mitchell Robinson,2.1648431130830335,-0.2305423923198597,1.9276094526679382,-2.776632238702363,6.463060400439806,377,260.78400000000016,377
201935,James Harden,0.9936620820764004,0.9392097333267619,1.926180547307927,-1.8336115855001343,5.87891047806181,4526,3410.870399999802,4526
1630163,LaMelo Ball,3.1389044275104876,-1.2275347753233974,1.904678384091854,-3.4608402734478196,7.076156557198608,1372,1000.8288000000024,1372
1628998,Cody Martin,0.4830310473145935,1.4270154070230874,1.903355186242445,-2.145961609344447,6.05316844287463,1721,1067.5296000000035,1721
1630811,Keaton Wallace,-1.0842992336703614,2.988091375181714,1.8971008734161134,-2.146382355286461,6.625352535370909,735,418.1280000000005,735
201567,Kevin Love,1.9758258143565561,-0.0862408697728327,1.882893676488486,-2.1971411529888205,6.992704555486291,428,281.9424000000002,428
1641738,Kobe Brown,-0.8131434377179384,2.629612147631317,1.8097774418181396,-2.3893908211987083,5.671176367959253,234,169.95840000000007,234
203078,Bradley Beal,-0.37821489052221474,2.1889153506168744,1.8040091919994228,-3.2881598267808627,6.200411032642407,1269,883.4592000000025,1269
1630538,Bones Hyland,1.7356350864731667,0.05146317911721487,1.7804069974951455,-0.43870793688463583,4.11159008216433,114,116.3616,114
203471,Dennis Schröder,2.8876639476795547,-1.1038798292704173,1.7770928503139007,-3.6236996344234518,6.792251979759411,931,727.411200000002,931
1641824,Matas Buzelis,-0.16055981566292904,1.9349817613680165,1.767730677609854,-3.112668133626235,6.916659305702395,2004,1257.9456000000066,2004
1630541,Moses Moody,4.2155232146825234,-2.449800726178346,1.7590312204089409,-3.9872078468180883,6.5032488434031555,1683,1035.6864000000035,1683
1627741,Buddy Hield,-0.7486309040004554,2.5142519095123355,1.7589297374166457,-2.6827035144167386,6.39348253662531,2744,1648.8000000000131,2744
1628366,Lonzo Ball,-0.8707561164442192,2.6315775725646535,1.754130188025199,-2.932335501758504,6.951810047727706,899,565.1904000000006,899
1628464,Daniel Theis,0.347731439517865,1.411790588437785,1.752830759860413,-4.053859235892434,7.286786046588938,818,531.9840000000012,818
1631095,Jabari Smith Jr.,-0.437317168913977,2.191638697684443,1.7476302606752279,-3.3480575928363416,6.6180916108822325,1499,981.0816000000028,1499
1630183,Jaden McDaniels,3.2640852039865917,-1.518042156140032,1.739351779751321,-3.156722889517563,5.880397311997995,2024,1396.704000000009,2024
1641732,Colby Jones,1.2895951391262184,0.4561158315670166,1.7390197025980003,-2.2121558972352435,6.330786859148372,627,428.4576000000003,627
1642355,Bronny James,0.906410426982959,0.7911581540309287,1.6908773129186514,-2.858771562603661,6.083425620542298,1160,778.8096000000024,1160
1629614,Andrew Nembhard,1.188575604441987,0.5055239729265834,1.6874083092733352,-3.5247810714792136,7.231519258850839,1762,1247.4528000000053,1762
1628365,Markelle Fultz,1.2465249795473634,0.4449208861748486,1.684754597626976,-2.352009530649288,6.057801436651197,215,126.86400000000008,215
1631120,JD Davison,1.8584483061887371,-0.16964375648215443,1.6821132816113462,-0.4289503993647543,3.7930560215752367,121,83.03040000000003,121
1630592,Jalen Wilson,-1.7366658405714037,3.408711665560951,1.6653545568943096,-3.2472568200334337,5.827798368382761,2623,1591.238400000014,2623
1628369,Jayson Tatum,0.6950687366114089,0.9422247959099442,1.6306022644261153,-2.6356826833901152,6.170599058950424,3590,2705.8751999999276,3590
1631216,Caleb Houstan,-1.7148102224818589,3.3407374324669017,1.6192359418898037,-3.693440595568986,6.476023079607926,868,569.5296000000017,868
1630531,Jaden Springer,1.7391920220058337,-0.11673754534626961,1.6157632085643272,-3.555021175653532,5.993453465445571,541,400.12800000000044,541
1641724,Jett Howard,-2.5538460389749242,4.161586872083219,1.6010495650130578,-3.1890146360521356,6.527612749094331,850,569.6160000000007,850
1631116,Patrick Baldwin Jr.,1.1649761263822394,0.40163981874731486,1.5599246770343194,0.11907111335233041,3.200090855050637,93,67.96800000000003,93
1629622,Max Strus,-0.3681391118268694,1.9191052839303986,1.544274904008293,-3.077067200906485,6.283567668631127,1299,859.7088000000022,1299
1630241,Sam Merrill,1.0917819086467753,0.44452082532014603,1.5296114658716855,-3.621869355100687,5.455909916677679,1367,840.8064000000022,1367
1630583,Santi Aldama,-0.48791148078491586,2.0150265363869067,1.5204237875067546,-4.064430242311415,7.0033811692376435,2552,1497.8400000000092,2552
1628988,Aaron Holiday,1.9492628141969965,-0.4382784738873932,1.504293072214366,-4.273279867755627,7.071485466037266,1104,779.9712000000025,1104
1629027,Trae Young,1.1334386812033648,0.3752833569774431,1.5020307700855724,-3.89421161488932,6.979839560879074,2634,2093.414400000006,2634
1629640,Keldon Johnson,0.43980046849253873,1.0327149248284426,1.4658241252257451,-3.7870867086312936,6.878355866046223,3037,1984.320000000015,3037
1631247,Luke Travers,1.4593049941267493,0.0,1.4526137260315133,-0.25788245516313285,3.0267895973396706,134,98.86080000000005,134
203939,Dwight Powell,0.3273619115225319,1.1040531905060382,1.4247238339333343,-3.5319250827380766,6.595538880035489,818,486.7104000000005,818
1629628,RJ Barrett,0.9308228608662514,0.4830996531240476,1.407231245895062,-3.1570897374052085,6.334779571722424,1573,1168.694400000004,1573
1630249,Vít Krejčí,0.26509495433400404,1.1487443630158243,1.4071480492545918,-4.618450494952524,6.630454161677997,476,309.17760000000055,476
1629057,Robert Williams III,1.4924506922862404,-0.09531006088925364,1.3904493633017514,-2.4488970575170215,4.393574713799446,431,310.1472000000004,431
1628371,Jonathan Isaac,1.9036144172581535,-0.5128017154116052,1.3841214337513106,-4.073974079192718,6.869446286899248,1475,978.412800000002,1475
202691,Klay Thompson,0.9066655827087753,0.483644199014581,1.383618513628121,-3.5204042553757593,7.184073286356421,1031,803.9328000000017,1031
1630568,Luka Garza,-0.15010201960646832,1.5294520466855936,1.3726587589838888,-2.423988087618902,5.8124717576785265,477,326.07360000000006,477
1642449,Tolu Smith,2.1552748159854667,-0.8091174466203863,1.339466101269845,-0.012590431617825986,2.8035278068667786,51,71.664,51
1641729,Brice Sensabaugh,-0.34139962324917095,1.6766537593304265,1.3285628679860193,-3.9984027655313286,6.334047213836495,1620,1182.0864000000038,1620
1630194,Paul Reed,0.31020960939827175,1.023206300167819,1.326724641470854,-2.7483456873569163,5.33768852147672,642,373.5648000000006,642
1629234,Drew Eubanks,2.843177134830209,-1.5598305869713378,1.276655279763635,-4.067622309855916,6.344605976295394,706,505.3632000000005,706
1626156,D'Angelo Russell,-0.37015727174504787,1.6453034712495844,1.2684549314093005,-4.560616118648137,6.779331333699676,1357,972.2208000000016,1357
1630202,Payton Pritchard,-1.7465235703789048,2.999276652381102,1.246061813906962,-3.5307835323566703,6.718581590114215,2618,1687.180800000013,2618
1629610,DaQuan Jeffries,1.3118012157579557,-0.06143291941441377,1.2436770282483052,-3.108571461572216,5.291777932381006,1161,803.3664000000023,1161
201143,Al Horford,-1.3525734477175186,2.6013139774445957,1.242049261631842,-5.017062591517384,8.191574048727343,1537,1125.859200000005,1537
1631197,Jared Rhoden,0.9370220986384511,0.30658759425030263,1.2369184247935172,-2.305372304458141,5.030407266759,207,133.0368000000001,207
201566,Russell Westbrook,0.8641840292267875,0.3749251099170509,1.232417871048603,-3.56622952632294,6.267476996998993,2172,1658.1024000000136,2172
1642367,Jonathan Mogbo,-1.1701608869239646,2.3911075987501618,1.2142554437309598,-5.015436319199453,6.679720550430386,1590,1019.2320000000036,1590
203083,Andre Drummond,-2.6256776843230614,3.8287408179729834,1.1963718655546867,-3.0737442185918056,6.11849934946973,581,398.0832000000006,581
1630549,Day'Ron Sharpe,1.85286621166444,-0.6538184931536486,1.1923564504155555,-3.3271878475750305,6.676978654260306,1377,757.5456000000025,1377
1630699,MarJon Beauchamp,0.019087733229404387,1.1761734167537217,1.1885698818878903,-0.17410897831984368,2.729192445646178,210,104.95680000000009,210
203484,Kentavious Caldwell-Pope,-0.2884475379352298,1.4809885606338171,1.1858497546033522,-3.763717454199335,7.129782312346012,1755,1304.4192000000075,1755
201569,Eric Gordon,0.37711829990335155,0.7993844006387616,1.1698114324468778,-2.8462605524550018,5.068957560233367,780,534.3168000000006,780
1641809,Drew Peterson,0.6740289203982762,0.5004594553457256,1.1677971076487659,-1.4720528675742508,3.989671955883211,229,147.6192000000001,229
202709,Cory Joseph,0.3264642470596983,0.8265088853083045,1.1462818642727661,-2.4607711893218895,5.003706218164607,544,390.95040000000034,544
1631114,Jalen Williams,0.12245203753772946,1.007272230224646,1.12303299966714,-4.397261380265948,5.645133669619799,1553,1148.2656000000022,1553
1628969,Mikal Bridges,0.5749791415982525,0.5532450402635704,1.1215329137665855,-5.251157234551998,6.52068645090993,2711,2203.958400000001,2711
1631311,Lester Quinones,0.9492658491581255,0.15822415488455577,1.100798735947445,-3.459538952570219,5.494822115630844,235,165.69599999999997,235
1631102,TyTy Washington Jr.,0.0,1.093628843490353,1.0869375753951165,-0.4495661035313385,3.0604623324561007,106,52.310400000000044,106
203937,Kyle Anderson,-2.3933337219163526,3.474495004037056,1.0744700140254668,-4.1149972664905885,5.9794752251904,1232,806.4192000000036,1232
203999,Nikola Jokić,2.432851721511469,-1.3653305986186863,1.060829854797548,-2.9626929237270097,5.288497301851414,2863,2264.294399999987,2863
1641763,Julian Phillips,0.2971639092051145,0.7674875365866669,1.0579601776965455,-4.262291083633823,6.023225557345487,1680,1017.6768000000029,1680
1626153,Delon Wright,1.2473076323423806,-0.1870104416948263,1.0536059225523182,-4.744724275367015,5.954062535083734,623,448.7040000000006,623
1631217,Moussa Diabaté,0.5735159210480115,0.4780740909949533,1.0448987439477286,-3.8139024740359977,6.172728616339196,1222,782.5824000000017,1222
1641752,Bobi Klintman,1.04623151642855,0.0,1.0399546669878403,-0.01408338747593743,2.813966258952092,9,8.9184,9
1631132,Christian Koloko,0.8339247224289476,0.2005362165245694,1.02776967085828,-2.7185393236233004,5.452500677649206,509,338.5536000000005,509
1629637,Jaxson Hayes,-0.07322747140271649,1.1064685240775851,1.026549784579632,-3.6761417885508876,5.528741814218446,851,623.0112000000017,851
1626192,Pat Connaughton,0.8233490894992803,0.2084040934397063,1.02506191484375,-3.8499013469966217,6.0219163867893855,780,488.8416000000004,780
1641857,Liam Robbins,0.0,1.0157814628854418,1.0090901947902058,-0.006628347895439703,2.22522365660996,48,40.63680000000002,48
1642484,RayJ Dennis,0.0,0.9998858489354346,0.993194580840199,-0.01487460881581695,2.5902359915199065,104,66.4992,104
1626158,Richaun Holmes,-2.131468682095637,3.1299847258671827,0.9918247756763081,-2.6194819969633403,4.91105570875859,574,392.55360000000053,574
1629023,P.J. Washington,0.6409982613844727,0.34279218983147763,0.9770991831207134,-4.416757610579912,6.3770098955416685,1647,1109.6928000000041,1647
1641720,Jalen Hood-Schifino,0.2010910662624549,0.7645012145007333,0.9589010126679517,-4.111763672659051,5.3684306439378755,459,308.7456000000003,459
1642368,N'Faly Dante,0.0,0.9586360487518009,0.9519447806565653,-0.14857374194744793,2.5920726921708708,40,34.416,40
1641989,Elijah Harkless,-0.45163681403149686,1.3950180188182086,0.9366899366914752,-1.9505670407966473,4.438356505979535,123,72.69120000000005,123
1642259,Alex Sarr,1.5073814508376557,-0.5745405941455666,0.926149588596853,-3.916917992324874,6.317797716534797,1550,1158.0480000000039,1550
1631306,Cole Swider,0.9031759952520229,0.025396815741810016,0.9218815428985976,-2.5275369263907277,5.0382802342435635,201,141.90720000000016,201
1629021,Moritz Wagner,2.1330848059241543,-1.2189816577005224,0.9074118801283966,-4.343702807522161,6.101278206104853,597,386.50560000000047,597
1641753,Chris Livingston,0.8828185712601966,0.0,0.8761273031649608,-0.09379447637934415,1.9986153680402212,68,48.76800000000001,68
1631123,Jamaree Bouyea,0.8730207120174464,0.0,0.8663784722734202,-0.010521385796295024,2.0250266290753496,17,16.214399999999998,17
1630227,Daishen Nix,0.0,0.85465331993601,0.8484450017399766,-0.015185568091537286,2.1365405460686295,6,10.099200000000002,6
1641774,Tristan Vukcevic,0.8964654430423623,-0.07414308333954782,0.8156310916075782,-2.5678315799609828,4.430978696911099,417,290.5536000000002,417
202681,Kyrie Irving,2.106525984839402,-1.2928856818366257,0.8069490349075426,-3.9211287021882946,5.418178587851639,1777,1196.5248000000047,1777
1629026,Kenrich Williams,1.5208816635818485,-0.7118673973618544,0.8023229981247567,-4.483277202544663,6.175858556553764,1659,1058.5536000000068,1659
202693,Markieff Morris,0.40417439553692197,0.3887941981966952,0.7862773256383808,-2.7609230226868062,3.63226627805703,160,112.43520000000011,160
1629618,Jalen Pickett,1.7717700563596261,-0.9908006830577376,0.7742781052066527,-3.7762939702765577,5.19434029226927,774,540.4128000000005,774
1627826,Ivica Zubac,1.1838697649014964,-0.4090771863323883,0.7681013104738712,-4.76353742219326,5.114774149337333,1783,1377.763200000008,1783
1630542,Marcus Bagley,-0.9207765367513179,1.6916451105961179,0.7641773057495628,-2.406104697414411,4.024870053601495,198,157.6032000000001,198
1630537,Chris Duarte,-0.018401963093681004,0.7829502258046319,0.7578569946157149,-0.03852469211524945,1.9546766029148324,63,31.391999999999985,63
1642359,Pacôme Dadiet,0.6313526672883969,0.11396065440492238,0.738622053598083,-0.06730111778553986,2.0934684772316254,81,62.8608,81
1631321,Sidy Cissoko,0.7364952418704704,0.0,0.7298039737752346,-0.014931264159927914,2.1606142020966805,113,68.66879999999998,113
1631170,Jaime Jaquez Jr.,-1.2214990440240898,1.955528696745092,0.7273383846257654,-4.214075404618784,5.658748626429412,1163,812.313600000002,1163
1630245,Ayo Dosunmu,-0.5709892265222477,1.2968100590292826,0.7191295644117979,-5.3992057645694,7.079287131051489,1715,1121.1648000000057,1715
1631342,Daeqwon Plowden,0.20373977071598962,0.5084242594525235,0.7054727620732771,-0.013742090613162448,1.704851932243809,76,56.304000000000016,76
1628398,Kyle Kuzma,-2.4322403326002715,3.1043326163670804,0.665401015671575,-6.474604782309164,7.054373658752173,1599,1275.1488000000056,1599
149,Michael Adams,0.6713302263160592,0.0,0.6646389582208228,-0.06306851370583846,1.7955597707099393,36,29.356799999999982,36
1627734,Domantas Sabonis,2.105435043786706,-1.461805591760668,0.6369381839308025,-4.368814165857724,5.872273086403906,2321,1594.2624000000146,2321
1629001,De'Anthony Melton,-0.5273932879140176,1.170183435443675,0.6360988794344213,-1.1530470148587688,2.2455896896143406,87,64.94400000000003,87
1628981,Bruno Fernando,-0.2327156657312184,0.8497575465912965,0.6103506127648416,-3.812031954809617,4.818969247060126,305,177.12000000000018,305
1630198,Isaiah Joe,-0.21004508975902264,0.8263354624801906,0.6095991046259323,-4.637688107902577,5.3339544056932295,2233,1510.7328000000084,2233
1642271,Kyle Filipowski,0.44990245454238675,0.1457334893924404,0.588944675839591,-5.442216530038797,6.20002506978421,1419,1046.8416000000032,1419
1641787,Tosan Evbuomwan,0.30964572988061156,0.2825544181785171,0.5855088799638929,-3.951194810590965,5.623271269390785,834,510.1152000000013,834
203458,Alex Len,1.244464255096135,-0.6549673298825179,0.582805657118381,-2.824591616754075,3.9317685706328374,387,262.2432000000002,387
1629098,Jack McVeigh,0.5774872523795928,0.0,0.5709989180833039,-0.19758098625683446,1.7963848478864635,10,6.633600000000001,10
1641721,Maxwell Lewis,0.058900732250877275,0.5123695413928538,0.5645790055484949,-3.729857873297697,4.423652254682641,449,292.0704000000004,449
1630256,Jae'Sean Tate,0.716684569246143,-0.1746975399841734,0.5352957611667336,-3.255273937458681,4.791405409034342,872,568.7712000000016,872
1629750,Javonte Green,0.4060562736771552,0.12128378711272675,0.5206487926946463,-4.405473528670552,6.30542134728341,1703,1171.132800000004,1703
1641755,Kevin McCullar Jr.,0.0,0.518788970578277,0.5120977024830412,-0.014956086369737335,1.594671654560435,19,18.508799999999997,19
1626204,Larry Nance Jr.,0.8698354364759683,-0.35540122704415295,0.5077429413365797,-3.4821243804571425,4.983912289169395,564,363.7152000000008,564
1641707,Taylor Hendricks,0.4173840706101774,0.08162172534866408,0.4923145278636052,-0.3377133093250168,1.9238260338943698,57,33.254400000000004,57
1628997,Caleb Martin,3.52388165214196,-3.02938270690791,0.487807677138813,-4.430848097237867,4.937449730315008,1386,900.6912000000021,1386
1630543,Isaiah Jackson,1.1926387585338516,-0.7015414760009022,0.4844060144377128,-1.395293290326871,2.7203945759682306,46,31.055999999999987,46
1631110,Jeremy Sochan,0.4984841823493097,-0.007995956632205608,0.48379695762186836,-5.094418146663229,6.251707499365754,1946,1304.208000000006,1946
1641789,Jazian Gortman,-0.6781958159425566,1.1677379916712214,0.4828509076334284,-2.204353084377893,3.6319593184883736,138,74.80320000000007,138
1630544,Tre Mann,-0.6711140293657948,1.1553010321744401,0.47749573471340945,-3.2960800851502086,3.972151930559436,546,295.82400000000007,546
1629052,Oshae Brissett,0.0,0.4692835133339781,0.4625922452387423,-2.139931151751003,3.404761491392392,126,91.44960000000005,126
1641810,Antonio Reeves,0.04981310713466131,0.4144993607440774,0.45762119978350235,-5.440338694335282,4.821579321082001,855,566.3520000000013,855
1642366,Quinten Post,0.4898861797417697,-0.032741326399235306,0.4504535852472978,-4.225172037994065,4.8369417099457985,634,410.1216000000007,634
1629626,Bol Bol,1.746963302263897,-1.290504927142854,0.4497671070258067,-3.631357772791884,4.678600525192037,312,211.18080000000012,312
1629631,De'Andre Hunter,0.5725025961036483,-0.1176815069872204,0.44812982102119164,-4.289933946871323,5.299001663335903,3351,2265.657599999992,3351
1626166,Cameron Payne,1.053672459536576,-0.6315788524381591,0.4154023390031806,-3.965014342215326,5.028004875694258,795,585.3792000000009,795
1641712,Rayan Rupert,3.3976928679201746,-2.9780968083539574,0.4129047914709787,-3.7479121410044525,4.913677721433591,525,357.3600000000007,525
203109,Jae Crowder,0.8941307252029506,-0.48669682438372885,0.4007426327239854,-1.7535369962530623,2.455380473998119,79,50.31360000000001,79
1630526,Jeremiah Robinson-Earl,-0.9229037401522407,1.3261356152198278,0.39654060697235105,-4.101997615910978,4.821202955794198,1627,1056.7008000000035,1627
1641706,Brandon Miller,0.603437035098936,-0.20936711924583892,0.38737864775786107,-4.388524019148926,5.0930044252520235,701,490.2048000000004,701
1631119,Jaylin Williams,-0.7262371957341927,1.09539593800362,0.3624674741741915,-4.891645334913379,5.9415291200621425,1055,718.9440000000022,1055
1630164,James Wiseman,0.0,0.35871353595697736,0.3520993227446995,-0.14357425034236443,1.1390426070617568,8,4.0032000000000005,8
1631133,Jabari Walker,0.09696971949904354,0.25788727140669576,0.3481657228105032,-4.41786204671377,6.148753323921041,870,602.8320000000015,870
1630600,Isaiah Mobley,0.35108686210320345,0.0,0.34452650608410956,-0.016733897292776783,1.1840388484729245,14,9.9648,14
1642281,Jaylon Tyson,0.9282865872110186,-0.5834329310489927,0.3381623880667899,-3.5195558431721143,4.4955407995393655,474,314.2656000000003,474
1630561,David Duke Jr.,0.0,0.32268880207320466,0.3159975339779688,-0.015181631528175702,1.0277747542937827,42,19.8144,42
1631248,Baylor Scheierman,-0.41994691451067945,0.7386711169688511,0.3120329343629355,-3.806937053063093,3.9661206923600902,552,381.3792000000006,552
1631108,Max Christie,0.3568717431659934,-0.041399603817327914,0.30878087125342935,-3.9891894092251325,5.681877647634136,2567,1667.7600000000095,2567
1629312,Haywood Highsmith,-1.1597125603320075,1.4665950500103924,0.3001912215831479,-4.397661528432164,4.794548113222339,1794,1290.2784000000077,1794
202687,Bismack Biyombo,-1.1377130015776584,1.437498811878282,0.2930945422053869,-4.410766977756763,3.9699571951422357,311,227.64480000000003,311
1631105,Jalen Duren,-0.3398885390318671,0.632792470577924,0.28621266345082047,-4.364016944669304,5.1474619681995,1714,1300.5312000000054,1714
1630700,Dyson Daniels,-2.4123888684852806,2.6981668419449196,0.2790867053644013,-6.560660577683264,6.320736785586538,2562,1812.1824000000126,2562
1627777,Georges Niang,-0.056025994582629635,0.3210672138988075,0.2583499512209416,-4.305676366612349,4.758559498651099,1994,1265.6736000000055,1994
201950,Jrue Holiday,1.351702471492471,-1.1018787225873041,0.24313248080993075,-4.866409963645921,5.629993497523381,1572,1310.5728000000074,1572
1630695,Micah Potter,-0.7258578899562707,0.9732654272428833,0.2407162691913773,-5.718698210393141,6.418827959620871,765,569.7600000000008,765
1642419,Jamison Battle,0.4384149948257733,-0.23251700998490135,0.19920671674563542,-4.443531241374293,4.893726590617426,1158,735.7440000000028,1158
1631106,Tari Eason,1.6845608672878245,-1.488165336736003,0.18970426245658584,-5.330880562871505,5.360346840896012,1882,1238.342400000004,1882
202696,Nikola Vučević,1.8304070451115593,-1.6608467797255722,0.16286899729075097,-5.975285947203315,5.642405316072752,1137,803.0400000000019,1137
1641715,Cam Whitmore,-1.0113642331551098,1.1714330016886472,0.1533775004383011,-4.338019735561889,5.161736753327314,862,581.6928000000019,862
1630550,JT Thor,0.03178632030617104,0.11568453035388412,0.14077958256481896,-3.4679049570506155,3.789993817598928,263,204.81600000000006,263
1642275,Tidjane Salaün,-0.49441750083689884,0.6369874005122615,0.13587863158012647,-2.4390931418662043,2.4726506769846597,84,68.00640000000003,84
1629684,Grant Williams,-1.705151762782561,1.803636638417759,0.09179360753996235,-4.2064575609757044,3.9542185045338476,678,404.9952000000009,678
1630165,Killian Hayes,0.07923117100873518,0.0,0.07253990291349904,-1.9829998016572017,1.9169342718928244,169,107.5968000000001,169
1630192,Zeke Nnaji,-0.5601140807325603,0.6373789620393958,0.07057361321159893,-3.9359438009522605,4.496059243476497,733,506.0928,733
1629020,Jarred Vanderbilt,-1.359296954294082,1.4322871989857515,0.06629897659643345,-4.6114139933781315,4.440316813004453,950,580.5216000000011,950
1641745,Adam Flagler,0.0,0.0625611968735249,0.05586992877828871,-1.9018946380830903,1.8236235120123143,161,99.55200000000009,161
1631098,Johnny Davis,-0.5120420228335416,0.5725273597957931,0.0537940688670151,-4.338715508684558,4.5769156818722605,453,328.45440000000025,453
203468,CJ McCollum,0.10578275852896883,-0.04927300181443662,0.04981848861929616,-5.236973391843425,4.855557445720794,1471,1147.7952000000066,1471
1642279,Ulrich Chomche,0.0,0.05547305805346296,0.04897017904890132,-0.2232918080172172,0.35468345136032026,10,5.097600000000001,10
1630572,Sandro Mamukelashvili,0.16128646076944617,-0.11488195794155638,0.039713234732653674,-3.5376474432941714,3.9109144680205867,588,387.21600000000063,588
1642285,Cam Spencer,-1.0541294091875102,1.0977864097899863,0.03696573250723979,-2.6640577818548707,2.9835432376818827,217,151.37280000000004,217
1628386,Jarrett Allen,1.2536946741270338,-1.228056208419938,0.01894719761185927,-4.448906618230549,4.9137097717523,2423,1571.740800000012,2423
1630762,Phillip Wheeler,0.024119532451288145,0.0,0.01747784622950078,-1.0914910368281854,1.3163578485224132,21,13.9296,21
1642385,Cui Cui,0.0,0.018401963093680994,0.011815916734425265,-0.13969480225726655,0.20256261696769587,8,4.2432,8
1630658,Colin Castleton,-0.7718138583701202,0.7903014700388349,0.011796343573478384,-4.192776055606347,3.5370475886379453,451,292.5504000000002,451
1642267,Bub Carrington,-1.1620303975143909,1.1788457614124812,0.010124095802854028,-6.042170271077667,5.671739249986401,2104,1606.5024000000085,2104
1641779,Jalen Bridges,0.0,0.009893916171797941,0.0037395225240968825,-0.15940394252250942,0.21335298554218896,6,3.6384,6
652,652,0.0,0.0,0.0,0.0,0.0,1,0.45119999999999993,1
1630678,Terry Taylor,0.0,0.0,-0.0037804825560677218,-0.016733897292776783,0.0028553855201496965,8,1.7184,8
1641879,Yuri Collins,0.0,0.0,-0.0038276278302628738,-0.016245280408063393,0.0023749780085106395,4,8.0832,4
1628978,Donte DiVincenzo,-0.07117931616411043,0.0738045256079688,-0.004066058651377664,-5.298091418587387,6.5801073577714595,1834,1210.1472000000051,1834
1642280,Trentyn Flowers,0.0,0.0,-0.005070459114365227,-0.016892278752468154,0.0018395863467415112,10,2.2752,10
1626143,Jahlil Okafor,0.0,0.0,-0.005808586680242415,-0.017360957876386866,0.002615543754647504,14,5.1264,14
1631214,Alondes Williams,0.0,0.0,-0.0060813848479821745,-0.017360957876386866,0.004180560527636675,4,2.9472000000000005,4
1642502,Malevy Leons,0.0,0.0,-0.0063840365561731085,-0.016892278752468154,0.004180560527636675,10,9.4176,10
1630644,Mac McClung,0.0,0.0,-0.006402300561419271,-0.017360957876386866,0.004180560527636675,8,3.8112000000000004,8
1628427,Vlatko Čančar,0.0,0.0,-0.006431015672658172,-0.017360957876386866,0.0028553855201496965,4,2.6592000000000002,4
1631159,Leonard Miller,0.0,0.0,-0.006654389183923018,-0.017360957876386866,0.004180560527636675,25,12.547200000000002,25
1628408,PJ Dozier,0.0,0.0,-0.006672673402529044,-0.017360957876386866,0.004180560527636675,11,15.0048,11
1642443,Jahmir Young,0.0,0.0,-0.00669126809523614,-0.017360957876386866,0.004180560527636675,25,11.3088,25
1641772,Nae'Qwan Tomlin,0.0,0.0,-0.00669126809523614,-0.017360957876386866,0.004180560527636675,39,28.85759999999998,39
1642384,Isaiah Crawford,0.0,0.0,-0.00669126809523614,-0.017360957876386866,0.004180560527636675,39,17.183999999999997,39
1641803,Tristen Newton,0.0,0.0,-0.00669126809523614,-0.017360957876386866,0.004180560527636675,29,10.636800000000001,29
1641817,Anton Watson,0.0,0.0,-0.00669126809523614,-0.017360957876386866,0.004180560527636675,14,14.4576,14
1641801,Emanuel Miller,0.0,0.0,-0.00669126809523614,-0.017360957876386866,0.004180560527636675,23,11.855999999999998,23
1631127,Harrison Ingram,0.0,0.0,-0.00669126809523614,-0.017360957876386866,0.004180560527636675,39,19.478399999999997,39
1641790,PJ Hall,0.0,0.0,-0.00669126809523614,-0.017360957876386866,0.004180560527636675,68,44.53440000000001,68
1631121,Bryce McGowens,0.0,0.0,-0.00669126809523614,-0.017360957876386866,0.004180560527636675,44,18.297599999999996,44
1627742,Brandon Ingram,0.7253727890063618,-0.7332260419767338,-0.014544521065608162,-4.722059210847391,4.4276607958357035,599,369.0048000000007,599
1630604,E.J. Liddell,-0.018401963093680987,0.0,-0.02509323118891712,-0.22516567651423666,0.12643704112914986,24,17.673600000000004,24
1629661,Cameron Johnson,1.2385703785033193,-1.264833302893701,-0.032954192485618324,-5.994889099382498,5.497714775608347,1475,1074.057600000002,1475
203903,Jordan Clarkson,-1.1505854030214324,1.1218796898075576,-0.03539698130911071,-5.642539490736378,5.21244870943022,931,636.6624000000014,931
1641717,Cason Wallace,-0.9529044718158625,0.9240624644675932,-0.0355332754435058,-5.000021212144102,4.446019186390562,1606,1047.705600000003,1606
1630631,Jose Alvarado,-0.14856515768474596,0.11619056326702322,-0.03906586251295889,-5.63102501924319,5.693571156984877,1438,965.5680000000025,1438
204001,Kristaps Porziņģis,-0.7864260694283105,0.7453198889421404,-0.04779744858140635,-6.50124971411269,6.004319050577408,284,252.10560000000015,284
1626162,Kelly Oubre Jr.,2.042988988113535,-2.0922580135805195,-0.055960293562219536,-4.3182720547081335,4.5447202448656645,1971,1440.5280000000064,1971
1641710,Anthony Black,0.576737410013919,-0.6318844518912786,-0.06183830997259578,-5.952502469326278,5.6899778562088725,2397,1474.3200000000095,2397
1642347,Jamal Shead,0.8812336307185414,-0.9672017051343735,-0.09265934251106833,-5.793320777682933,5.270085044281634,2108,1169.6640000000043,2108
1641854,Craig Porter Jr.,-0.22870613272839066,0.13677420138071322,-0.09862319944291358,-5.083500589345008,4.907769234418458,618,411.6480000000006,618
1629667,Jalen McDaniels,0.0,-0.09702278932872888,-0.10371405742396492,-0.5816703266732096,0.22529779696263166,69,47.22239999999999,69
204060,Joe Ingles,0.8853904981144369,-0.9875669426979384,-0.10886771267873753,-2.0167184836551053,2.0655499932030943,117,87.26400000000005,117
1641744,Zach Edey,-0.10341080878239779,-0.006244297918551156,-0.1163463747961852,-4.809448819267008,5.1468153549452715,907,653.8848000000005,907
1631210,Jacob Toppin,-0.19684466745845042,0.07770659263364946,-0.12582934292003714,-0.8848762428679718,0.43008549588083234,15,19.3536,15
1628380,Zach Collins,0.07453456798370914,-0.20301706225369529,-0.13517376236522233,-3.887038599375851,3.911927506517609,1293,724.2144000000018,1293
1630264,Anthony Gill,0.6135980455702328,-0.7545788866378912,-0.14767210916289483,-5.087708503121382,4.250022095693388,422,288.00000000000017,422
203482,Kelly Olynyk,-2.313384169015527,2.1695903449933556,-0.15048509211740999,-4.9006801851605335,5.527835234148336,854,576.2400000000005,854
1642346,Ryan Dunn,2.3804880241783697,-2.552344914686249,-0.17854815860311737,-5.386296128894946,4.371875551477857,1301,861.8880000000026,1301
1630201,Malachi Flynn,-0.21841947829019717,0.016431363703393334,-0.20867938268204006,-0.9263727945592004,0.27192168911260006,87,34.79039999999998,87
201587,Nicolas Batum,3.458119584561546,-3.663365696719217,-0.21193738025290665,-4.9767940521614396,5.267217254367954,1645,1178.6592000000048,1645
1630611,Gui Santos,-3.3572030968547306,3.139102484285575,-0.22479188066439335,-4.687461949861477,3.8302876129976386,1239,693.5424000000017,1239
1641709,Ausar Thompson,1.0742159951756012,-1.2947900685818596,-0.22726534150149394,-6.145097299548231,5.776088073796626,1359,936.6432000000018,1359
1631207,Dalen Terry,0.4978570939015428,-0.7187712799157759,-0.22760545410946928,-5.028403706197957,4.989660987086085,1535,969.9072000000053,1535
1626196,Josh Richardson,0.7077170615677297,-0.9455619995704686,-0.24453620609797405,-3.015450944339188,2.9130142030149964,207,137.99040000000016,207
1631117,Walker Kessler,-0.26095242206339603,-0.002452346727832198,-0.2700960368864643,-6.312633114834886,5.91659392402809,1576,1180.4064000000058,1576
1641723,Kobe Bufkin,0.6212668314748778,-0.9072659444063325,-0.292690381026691,-3.9481121163639243,3.052157882079226,113,93.79200000000006,113
202695,Kawhi Leonard,-0.15647675596719077,-0.1324132707629989,-0.29558129482542594,-5.493879197973425,5.29126049608957,353,317.0592000000003,353
1631230,Dominick Barlow,0.4150953926394459,-0.7064658843218313,-0.2980617597776217,-4.194983606427636,3.8379429290149387,481,359.76960000000054,481
1642439,Quincy Olivari,-0.29809866529131634,0.0,-0.3046696570670835,-0.975732862587844,0.0002553534737027186,18,7.824,18
1628418,Thomas Bryant,-1.6886320470227674,1.3872989308797303,-0.30802438423827394,-5.842056721964853,5.438362811066029,1149,704.236800000002,1149
1629611,Terance Mann,-0.10996692319452851,-0.21009922451344074,-0.32675741580320516,-5.525872323817022,4.8622839120461405,1394,994.5888000000018,1394
1629643,Chuma Okeke,0.0,-0.32992380343968564,-0.33661507153492193,-3.2456010545664817,2.5371950174107987,214,145.27680000000012,214
1630166,Deni Avdija,-3.25690860891167,2.921293786164321,-0.3423060908425854,-6.416443374198023,5.401554433788489,1883,1420.9632000000045,1883
1630296,Braxton Key,0.0,-0.33884434737572966,-0.345268131444149,-1.0559531076405628,0.0011860841852201055,3,9.791999999999998,3
683,Darryl Johnson,0.0,-0.36243717345415133,-0.3691284415493877,-1.268454270096134,0.3399842380576162,36,22.185599999999997,36
1627750,Jamal Murray,0.010290201374944958,-0.3737339321154745,-0.37013499883576556,-5.747081599150783,5.643556467924663,1722,1486.8576000000098,1722
1631212,Peyton Watson,-3.061004289239416,2.6829325973443248,-0.38476295999032856,-5.256855397861349,4.459264647229671,1863,1264.6368000000052,1863
201949,James Johnson,0.0,-0.4058585489238058,-0.4125498170190419,-1.074684125235884,-0.0023070732007228825,20,13.3248,20
1641733,Nick Smith Jr.,-0.958966060427604,0.5471184179676383,-0.41853891055520265,-5.656065337940989,4.652467519583026,1547,1022.870400000004,1547
1642422,Armel Traore,0.0,-0.4255028453185588,-0.4321941134137948,-1.4525470266360905,0.0010400854476936673,48,29.92319999999998,48
1627936,Alex Caruso,-0.8764130957177659,0.4503800530998713,-0.43272431071313094,-5.40386411474111,5.331554163788005,1318,881.3088000000024,1318
1630585,Marcus Garrett,0.0,-0.441541025512913,-0.44823229360814887,-1.540192556366664,0.06276575170203828,132,80.84160000000001,132
1642024,Alex Reese,0.40317711014246016,-0.8521520348333632,-0.45566619278613885,-3.6031509089211986,2.1521544226722766,211,160.02240000000015,211
1626168,Trey Lyles,1.0400032406653998,-1.4914486016787427,-0.4581366291085779,-5.2984550408864095,4.393864405241693,1781,1153.5264000000057,1781
1642450,Daniss Jenkins,-0.4561621475658583,0.0,-0.4628534156610944,-1.2437317730254769,0.00018919690496221035,13,8.5152,13
1641783,Tristan da Silva,0.8313865664350706,-1.2917184568926205,-0.4670231585527857,-5.849382814802194,5.044275516073159,1692,1154.7936000000045,1692
1631221,Collin Gillespie,1.8193764060858353,-2.2849298285999806,-0.4722446906093807,-5.386532970518409,4.337221410705887,550,376.0320000000007,550
1641734,Emoni Bates,-0.4999429244677167,0.0,-0.5066341925629531,-1.301119472343518,0.0012100669242411822,76,53.00159999999998,76
1641890,Tyler Smith,-0.5043524658543533,0.0,-0.5110437339495898,-1.7788720058407883,0.5380684312666971,124,59.92320000000005,124
1642403,Isaac Jones,0.23219568407070232,-0.7405930176235187,-0.5150886016480526,-4.816465755911009,4.023058579677591,707,404.9376000000013,707
1628370,Malik Monk,-1.2498151651331602,0.7382907697513831,-0.5182156634770133,-5.9954467525747415,4.49484162671586,2321,1612.7616000000119,2321
1641765,Olivier-Maxence Prosper,-0.6861754159366861,0.16685439116578135,-0.5260122928661409,-5.113139776547913,3.7907270242461237,707,420.30720000000093,707
200782,P.J. Tucker,0.0,-0.5330461251814655,-0.5397373932767014,-2.7254992598041743,1.6387159719529263,45,34.272,45
1642277,Johnny Furphy,-0.00467842175804593,-0.5425878733664673,-0.5539575632197489,-3.442694521576693,2.0182704391490045,476,278.7744000000002,476
1631172,Ousmane Dieng,-1.3932014633317187,0.8431454045963956,-0.5567473268305576,-3.9965671614636964,3.2568082214536203,496,300.17280000000045,496
1630311,Pat Spencer,-0.8207481929977124,0.2700731068314098,-0.5573663542615388,-2.587127407706526,1.4472307430752795,207,98.64000000000011,207
1630623,Tyson Etienne,-0.2858347841108273,-0.2793922043076644,-0.5719182565137281,-4.63284530802922,2.651550595933653,271,179.42400000000023,271
1627739,Kris Dunn,-0.7432162141583682,0.1751465252324058,-0.5747609570211984,-5.6395289654889655,4.882096784028446,1357,1103.2320000000032,1357
1630551,Justin Champagnie,-0.652087456136483,0.0382779434119981,-0.6205007808197207,-6.540562319710025,5.876864668405578,1275,974.803200000003,1275
1630618,D.J. Carton,-0.7020151384536395,0.08598874403423938,-0.6227176625146366,-3.1630282763407456,1.323153684469286,57,39.26400000000002,57
1627746,Skal Labissiere,0.0,-0.6256066195312278,-0.6314396655376164,-2.161356923418099,0.0,6,7.622400000000001,6
1641705,Victor Wembanyama,3.3549047825407308,-3.991596852871042,-0.6433833384255445,-7.548201933054027,6.510851860076929,1178,997.4784000000017,1178
1630577,Julian Champagnie,-0.2936723915423999,-0.3472032796364691,-0.6475669392741054,-6.5210299429514675,4.895761189988852,1874,1211.2800000000077,1874
203552,Seth Curry,-0.7583113116481154,0.11054837386560903,-0.6544542058777426,-5.36428292270604,3.696613525629269,1584,1038.0672000000034,1584
203926,Doug McDermott,0.5517943208143328,-1.2004923693147445,-0.6553893165956475,-3.575931214740176,2.6471650076875153,334,210.90240000000017,334
1641766,Adama Sanogo,-0.6520417218153309,0.0,-0.6587329899105668,-1.5951814505915514,0.013701530207526985,18,10.051199999999998,18
1628964,Mo Bamba,0.10827556309779648,-0.7714203291299165,-0.6698360341273566,-4.824863414871204,3.2362002011464406,334,266.72640000000007,334
1631097,Bennedict Mathurin,-2.0978550415054444,1.4328767625681933,-0.6716695470324879,-5.078618072552131,4.935335518884838,2146,1482.4608000000082,2146
1628374,Lauri Markkanen,1.469308016514683,-2.1552925192936523,-0.6926757708742055,-6.669680607788905,5.426783606199323,1171,922.7136000000023,1171
1630314,Brandon Williams,0.19518345288962471,-0.9022913981237194,-0.7137992133293306,-4.901402186223574,2.9848039867125093,858,552.5952000000013,858
1641716,Jarace Walker,2.1984098446978524,-2.9080990090272736,-0.7163804324246564,-5.994803520264156,4.693366935615776,1362,861.0528000000022,1362
1642461,Spencer Jones,-0.9714756804197872,0.2578210587952227,-0.7203458897198002,-4.074227543958892,2.6079923726325815,223,151.26720000000006,223
1626164,Devin Booker,-0.8737879424740612,0.14256110824995724,-0.7379181023193404,-6.600933187969219,5.157324822024401,2435,1714.9824000000149,2435
1641798,Jaylen Martin,-2.7908098210781764,2.052607913073879,-0.7448931760995343,-4.414145365102791,2.910075620562502,447,263.9712000000004,447
203901,Elfrid Payton,-2.5963334643490175,1.8080153421231884,-0.7950093903210628,-7.352496581555029,5.552314880793416,524,360.0192000000001,524
1631109,Mark Williams,1.9742811905977746,-2.7736370365502383,-0.8060471140476979,-5.426205826685182,4.269071290529155,1048,708.6336000000017,1048
201942,DeMar DeRozan,-0.6613569135453673,-0.14440034081666253,-0.8124485224572662,-6.271609470595227,4.0380678603103135,2404,1786.262400000013,2404
1630231,KJ Martin,-3.9616947159955096,3.1061081792871885,-0.8622778048035545,-5.930406225444967,4.4525830986666,1198,813.6960000000016,1198
1629006,Josh Okogie,-0.42692272139618354,-0.47756733098132675,-0.9111813204727462,-5.219183781704607,3.2528236976429405,956,647.5680000000016,956
1642352,Keshad Johnson,0.03472773222575264,-0.9521612732888314,-0.924124809158315,-4.220479626655383,1.8858458390188166,213,151.53600000000012,213
1628995,Kevin Knox II,0.0,-0.9251210698339188,-0.9318123379291545,-2.867791022060813,0.5831153977967148,96,56.620800000000024,96
1630556,Kessler Edwards,0.936956042705194,-1.8671691950482916,-0.9369044204383324,-5.324423796714625,3.107007328320127,652,487.06560000000064,652
1630171,Isaac Okoro,-0.5165856780029348,-0.4278896506267617,-0.9511665967249323,-5.076535530994913,3.3107988340121484,1092,664.6944000000009,1092
1631466,Nate Williams,-1.0029271710050636,0.04437837612589801,-0.9652400629744028,-3.8660035003342483,1.7900472157199672,112,93.45600000000003,112
1629674,Neemias Queta,-1.2133202193953287,0.2524589285344655,-0.9675525589560989,-5.970470852771632,5.070217721125702,741,524.1408000000011,741
1630162,Anthony Edwards,-1.6761307002694037,0.7074621329488064,-0.9753598354158356,-5.565229847414327,3.4615411526577335,3846,2744.5919999999187,3846
203952,Andrew Wiggins,-1.6560357676804538,0.6847391544932033,-0.9779878812824877,-6.42491280545316,4.986269090093033,1948,1260.3072000000043,1948
1641722,Jordan Hawkins,0.8836567900574032,-1.8673919077069632,-0.9904263857447972,-7.242633937973696,4.619975430402508,1419,926.947200000002,1419
1642276,Kel'el Ware,0.07387245914177885,-1.0668494072891204,-0.9996682162425783,-6.49116863884876,4.146041344350472,1282,954.8448000000029,1282
1629659,Talen Horton-Tucker,-1.929417444586689,0.931968186500555,-1.0041405261813707,-6.174997580553342,3.538049108525817,1110,653.7024000000017,1110
1629726,Garrison Mathews,3.365004813896074,-4.37668591249971,-1.0183723666988722,-6.549187256681304,5.098723336981051,885,590.8896000000009,885
1630534,Ochai Agbaji,-1.1503510793781013,0.11528105734975927,-1.041761290123579,-5.782160952087594,4.247023986667053,1927,1244.3616000000068,1927
1642505,Alex Ducas,-0.048233423805511315,-0.9900283630530758,-1.044953054953823,-3.189742810812017,0.014083285059496733,106,83.92320000000004,106
1630175,Cole Anthony,0.7824654463974082,-1.8350205382438785,-1.0592463599417052,-6.253505519830286,4.148987103110304,1147,758.515200000002,1147
1629632,Coby White,0.0071091938824569545,-1.0621644396812469,-1.0617465138940252,-6.692509389316919,4.372614154943818,2049,1687.9488000000106,2049
201142,Kevin Durant,-2.6790342606057287,1.6023038914813046,-1.0834216372196566,-6.047451513442741,3.6849659459681448,3774,2420.34239999995,3774
1629636,Darius Garland,-1.7002432219553998,0.6149010844125997,-1.0920334056380359,-5.673093489741024,3.6827990537763915,2238,1572.9600000000105,2238
1631204,Marcus Sasser,-1.03874874551031,-0.04933596325317605,-1.0947759768587215,-5.0195519395930415,3.4906864650306733,1198,741.0336000000008,1198
1630346,Matt Ryan,-0.350031164379934,-0.761824150929843,-1.1185465834050132,-2.500175121619032,-0.004405889115130636,78,47.952,78
1628973,Jalen Brunson,-0.6198272478946235,-0.5053782587044148,-1.1318967746942752,-7.457684682665283,4.365210460533512,2388,1907.9328000000107,2388
1631246,Vince Williams Jr.,0.024891209083653307,-1.1595490682181064,-1.1413491272296887,-4.791587569902374,2.421969390655396,860,487.69920000000087,860
1630567,Scottie Barnes,-0.7821200255503697,-0.3750755402413445,-1.1638868338869497,-6.818408459832021,4.398604456229232,1577,1382.6016000000059,1577
1630590,Scotty Pippen Jr.,3.0107696660291476,-4.171645911439328,-1.1675675135054173,-6.42689434054329,3.3336254695336094,2700,1580.5920000000108,2700
1642399,Jesse Edwards,0.0,-1.1775511993406331,-1.1842424674358702,-3.1679379185155576,-0.000587308451014803,44,30.94079999999998,44
1630548,Johnny Juzang,0.1539993201646475,-1.3995461310517305,-1.2522380789823182,-6.61404998169357,4.260917255988582,1215,857.5392000000032,1215
1641816,Hunter Tyson,1.125607556573777,-2.3813936304606282,-1.2624773419820898,-4.775938662962814,2.1282779577273643,547,355.0272000000005,547
1641711,Gradey Dick,1.3664708358733373,-2.6258075877669382,-1.2660280199888347,-7.140643798277134,5.25849444608792,1448,1009.4496000000022,1448
203486,Mason Plumlee,-0.9785324115095665,-0.2872845859693986,-1.2725082655742026,-6.513335140501254,3.743071421127464,1532,1009.094400000002,1532
1630228,Jonathan Kuminga,1.6946876035337741,-2.966401471742291,-1.2784051363037527,-6.042787490877265,2.6156037917954165,1564,961.0272000000025,1564
1641727,Dariq Whitehead,-1.1083533954681164,-0.17099793630840965,-1.2860425998717617,-4.28510118325272,1.8019554085366012,326,219.81120000000013,326
1627884,Derrick Jones Jr.,0.6806057439236747,-1.9725957580771096,-1.2986812822486706,-6.986089467273789,3.8645961262143946,1602,1277.8272000000081,1602
1631107,Nikola Jović,-0.8791944134427672,-0.4175929878261729,-1.3034786693641776,-6.379888400827635,4.874438086192426,1221,848.6688000000029,1221
1627814,Damion Lee,-1.3220553900174234,0.0,-1.3287466581126592,-3.2093816518470626,0.2225968966461333,141,78.20160000000004,141
1630528,Josh Christopher,-1.3453558773197107,0.0,-1.3520471454149459,-3.176631525430262,0.01103598940343088,63,49.43039999999998,63
1629645,Kevin Porter Jr.,0.10259309189640152,-1.4515900337591372,-1.3556882099579715,-7.753859501288753,4.4179346597111335,1477,1015.363200000002,1477
1641998,Trey Jemison III,0.17332518134648248,-1.5334151033302208,-1.3667811900789733,-5.096711393204707,2.7464844506800903,527,346.5312,527
1630283,Kylor Kelley,0.37115191792161356,-1.7365507400957707,-1.3720900902693935,-3.9359887193307763,1.2468362649303182,133,88.37760000000003,133
1642349,Ajay Mitchell,-0.509370746128427,-0.8804260598605981,-1.3964880740842613,-5.22946621967183,1.9425748718896951,484,275.16480000000024,484
1630215,Jared Butler,-3.4758122496179515,2.0742347255581617,-1.4082687921550283,-6.827225833096077,3.510581947075997,986,684.4896000000009,986
203915,Spencer Dinwiddie,0.506469374582517,-1.9217224010061986,-1.4219442945189196,-6.490613620671345,2.8094586245356816,2565,1585.0176000000065,2565
1628396,Tony Bradley,-1.8709169662430118,0.45343538773379216,-1.4241728466044552,-3.7940732047105343,0.8784828370440331,139,88.30080000000002,139
1631169,Josh Minott,-1.9539314366400808,0.5259864090817465,-1.4346362956535708,-5.334382813119603,2.7648388444988443,487,320.6304000000003,487
1626172,Kevon Looney,-0.19364761837400343,-1.2490976890580319,-1.4494365755272711,-6.282541977971446,3.195839679784168,2202,1257.7632000000076,2202
1629018,Gary Trent Jr.,0.10343291555796402,-1.5660559288076492,-1.4693142813449234,-7.516343085075362,4.149142484619773,2046,1401.2640000000088,2046
203084,Harrison Barnes,-3.4500981814077187,1.9859674976061656,-1.4708219518967878,-6.774053534929569,3.4350207182164914,1558,1037.6352000000031,1558
1630208,Nick Richards,0.8681889049329992,-2.345818987397349,-1.4843213505595876,-6.329598236758449,3.378205651963725,1095,719.5872000000022,1095
1629013,Landry Shamet,2.1051064361284264,-3.608430682356174,-1.5100155143229848,-6.9306360239347935,4.916097063528237,803,592.9056000000008,803
1630639,A.J. Lawson,-0.028197073559988173,-1.4879634085561708,-1.5228517502113954,-5.0192192444828505,2.290664631762831,711,442.2144000000005,711
1629008,Michael Porter Jr.,-2.6549253487769953,1.1038673188031551,-1.5577492980690761,-7.188058430714837,4.975413370879038,1782,1540.7040000000095,1782
1642050,Jackson Rowe,-0.7110938764812604,-0.8419635987197386,-1.5597487432962358,-3.936668978426454,1.019644806333259,136,83.49120000000002,136
1628384,OG Anunoby,-2.0573184574530323,0.487006775550652,-1.5770029499976155,-8.338505443127167,5.629423451899863,2591,2047.9776000000124,2591
1627780,Gary Payton II,-0.7321323666175965,-0.8818996328261788,-1.620723267539012,-6.09808061347751,3.0064541841347237,1590,895.6032000000029,1590
1629639,Tyler Herro,-1.8088424089469939,0.19218312024006806,-1.6233505568021616,-6.771446341184462,3.6919900295886063,2564,1877.9520000000146,2564
203957,Danté Exum,-0.9860943528271866,-0.6548957588250317,-1.647681379747456,-7.253825256264118,3.814009394807078,407,298.22400000000005,407
203114,Khris Middleton,0.6145176521893735,-2.2741130304308403,-1.6662866463367032,-6.395815567788822,2.7606705556784297,914,658.5792000000012,914
1641871,Duop Reath,-2.4525391956174345,0.7872211914718034,-1.6720092722408695,-5.93376396466223,2.684874873843354,580,400.53120000000075,580
1642258,Zaccharie Risacher,-0.03319579353638065,-1.6451727464722443,-1.6850598081038615,-6.948801099095942,4.516346129317441,1347,951.2832000000026,1347
1629111,Jock Landale,0.7313958716870645,-2.4243931436448265,-1.6996885400529984,-6.484905976416651,3.0876420062967154,536,386.6688000000006,536
1641736,Reece Beekman,-2.209825845869394,0.510882304240371,-1.7056348097242593,-6.775407957404246,2.7395898520563327,496,379.2768000000004,496
1627783,Pascal Siakam,0.40822587910817076,-2.1102294173456597,-1.7086948063327236,-6.544554419026492,3.5843589021466142,2054,1595.030400000007,2054
1630574,Ariel Hukporti,-0.5880645769316745,-1.1161392318766368,-1.7108950769035474,-4.806124091504908,1.0408398103160854,199,143.7792,199
1628436,Luke Kornet,0.45836832947667494,-2.2132523377248745,-1.7615752763434371,-7.377766624932448,2.8367883470794366,1344,892.1280000000022,1344
1629680,Matisse Thybulle,-0.6066579030650392,-1.1528875114233992,-1.7662366825836733,-5.033287899699552,1.6600122127853234,318,248.7744000000001,318
1631124,Julian Strawther,-2.339600107037229,0.5776565845394305,-1.7686347905930364,-7.118290121178059,2.7231294390494365,1256,834.5088000000021,1256
201144,Mike Conley,-0.42353088307626713,-1.3538840311201563,-1.7841061822916597,-7.713303187075697,3.7770338695382404,955,754.5216000000005,955
1630205,Lamar Stevens,-1.5429953036188193,-0.25192650964835284,-1.8016130813624072,-5.905255369208312,2.3468030584697863,318,182.74560000000014,318
1631301,Jaylen Sims,-0.3428186848566752,-1.509559726163561,-1.8590696791154726,-4.556211334654572,0.8900223719793215,171,112.14720000000008,171
202066,Garrett Temple,-1.0444550844244924,-0.8188757677313013,-1.8700221202510283,-4.934974345168293,1.1657333179916227,261,188.24639999999997,261
203995,Vasilije Micic,-3.5128272475953666,1.6379365647751498,-1.8815819509154548,-5.77638607882524,2.2749972956383084,727,468.74880000000064,727
1631166,Drew Timme,-2.1987182697681975,0.32331476041534407,-1.8820947774480874,-4.806516886731047,1.3979446991243465,225,153.32160000000013,225
1629629,Cam Reddish,-0.1354191952022515,-1.766119784277183,-1.9082302475746713,-5.954105909732197,1.699055867462698,609,395.75040000000035,609
203932,Aaron Gordon,-2.947061656617012,1.0439143704442733,-1.9098385542679737,-7.769887971611575,3.8055866894785337,1084,871.8912000000015,1084
1627824,Guerschon Yabusele,-0.0694076117607179,-1.8690316178300623,-1.945130497686016,-6.765977968505517,3.342817839500243,1528,1116.9024000000027,1528
1630222,Mason Jones,-0.6197294351305974,-1.3271587118834391,-1.9535794151092738,-5.321814223169177,0.7917641352477235,155,111.02400000000002,155
1630545,Terrence Shannon Jr.,-0.4461843490578591,-1.5194548161610817,-1.9723304333141762,-5.296404914075896,1.2273152772152687,329,232.2432000000001,329
1628449,Chris Boucher,-0.5768865012116957,-1.3993992348956203,-1.9829770042025516,-7.0247215641433405,3.5693892458565157,1150,692.4096000000022,1150
1629630,Ja Morant,-1.6669495764200013,-0.31192078351239905,-1.9855616280276385,-6.88788857826887,2.391158029665841,1666,1061.836800000002,1666
1631094,Paolo Banchero,-2.048729613338536,0.0617569258217878,-1.993663955611984,-6.987556942572037,3.036168372156485,1471,1002.787200000002,1471
203076,Anthony Davis,-0.2550106717595343,-1.7386578597806894,-2.0003597996354623,-6.9314940314814795,2.7644510410125718,1844,1273.584000000007,1844
1642278,Tyler Kolek,-0.7365890363832587,-1.278044152528746,-2.021324457007241,-4.790279188414373,0.06294625426807315,184,104.79360000000008,184
1630553,Keon Johnson,-1.968125909706251,-0.04921038341008515,-2.0240275612115726,-7.972231257811144,4.213021305332895,1784,1208.9472000000053,1784
1642270,Donovan Clingan,-1.9846410652572986,-0.03320320068527001,-2.024535534037804,-8.200734224294942,3.9314958945264027,950,687.3696000000018,950
1642377,Jaylen Wells,-0.15000506238323782,-1.9078767654198545,-2.0645730958983286,-7.110266192824478,3.379577799004299,1917,1248.624000000005,1917
203991,Clint Capela,1.8618737446935334,-3.933930993563574,-2.078748516965274,-8.40053679817178,4.465476543908504,1226,887.5680000000016,1226
1630557,Corey Kispert,-0.6956709061241421,-1.4139682648486973,-2.1163304390680757,-7.760697243083805,3.3280013766379253,2036,1270.3968000000061,2036
1628975,Jevon Carter,-0.6553048689646631,-1.4657915044597956,-2.127787641519697,-5.193003221657962,1.1901451276218518,325,190.7136000000001,325
1628989,Kevin Huerter,-3.247284703093773,1.1247144404371752,-2.1292615307518328,-7.604484618406675,2.412460120153917,1848,1175.1744000000037,1848
1631250,Pete Nance,-0.07596106921976459,-2.1076156819839724,-2.190268019298972,-6.329129003156279,2.333121761867562,145,116.99520000000007,145
1630224,Jalen Green,1.3912348280237703,-3.583295923785623,-2.1987523638570887,-6.384434376645816,2.6077875662303267,2815,2013.1296000000173,2815
1629060,Rui Hachimura,-1.5237564224389752,-0.6811882293374881,-2.2116359198716973,-6.588413852061901,2.7539198967272194,1352,926.0736000000022,1352
1630173,Precious Achiuwa,0.6063183462371792,-2.8209549223153116,-2.221327844173368,-6.867407241663301,2.5408155232038094,1141,880.1952000000024,1141
203967,Dario Šarić,-1.8623390928443622,-0.37122445721347147,-2.2402548181530704,-5.438070959691204,0.12381535665180832,92,67.12320000000001,92
1630529,Herbert Jones,-0.9367771317410228,-1.3008498282591467,-2.244318228095406,-8.442438337002235,4.097968757795629,628,443.48160000000075,628
1628415,Dillon Brooks,-0.773348070922983,-1.5011004453335857,-2.281139784351806,-7.375292218426954,2.763221668141274,2266,1534.7328000000102,2266
1630579,Jericho Sims,-0.3436857569963484,-1.9766874660750948,-2.327064491166678,-6.969915527212581,2.863371872963161,791,558.5088000000011,791
1630191,Isaiah Stewart,-1.8536396881474382,-0.4728894502179901,-2.3332204064606614,-8.370325356151177,3.0904984752237907,1956,1254.9600000000062,1956
1629723,John Konchar,-1.8504115780752108,-0.479575207838045,-2.3366780540084933,-7.500576521895745,2.656163676989125,678,400.39680000000055,678
200768,Kyle Lowry,-0.4574777247135941,-1.892150713021748,-2.3563197058305785,-6.412766545978712,2.351949090081886,667,459.4848000000007,667
1631255,Karlo Matković,-0.18355174235613778,-2.1819763450154515,-2.372219355466825,-7.6152437432271665,2.6983195048051267,496,321.28320000000036,496
1629216,Gabe Vincent,0.18106540169205526,-2.5609119241902403,-2.3865377905934224,-6.778974724624234,2.365756038995373,2394,1458.8064000000095,2394
202710,Jimmy Butler III,-2.9075982197248282,0.4986454935900688,-2.415643994229995,-7.487049677835309,2.3521402764029027,1604,1170.7296000000042,1604
1631209,Isaiah Wong,-1.7820212287456019,-0.6293060490387715,-2.418018545879611,-5.468890172894982,1.660338310628358,583,381.5808000000006,583
1642263,Reed Sheppard,-1.2351900296573408,-1.1955577771386634,-2.4374390748912402,-6.746674869785441,1.381953220764793,400,286.38720000000046,400
1630702,Jaden Hardy,-0.595954587387508,-1.844981930726168,-2.4476277862089137,-7.109769032777546,2.2592124579620916,1101,682.2048000000015,1101
1631115,Orlando Robinson,-0.8289081201970366,-1.622549647339082,-2.4581490356313536,-7.692810197170747,2.738759501595386,1189,737.2896000000012,1189
1642264,Stephon Castle,-2.1645073869531104,-0.34801512256550265,-2.5192137776138486,-8.31980038404277,3.098363611654068,2065,1463.4432000000074,2065
1631096,Chet Holmgren,-0.5107810887343286,-2.041756025840213,-2.559228382669777,-9.291973754751337,3.200350926574875,425,382.63680000000045,425
1627747,Caris LeVert,-0.0586089780114039,-2.515775761947184,-2.5810760080538246,-7.365724301328493,1.5734967492950718,3523,2389.084799999963,3523
1629003,Shake Milton,0.22732311380742448,-2.821321373282706,-2.600689527570517,-7.007916220930521,1.304271327007157,1071,634.0800000000011,1071
1630167,Obi Toppin,-2.3253897435719613,-0.2898388848157784,-2.6219198964829773,-7.95429786251559,2.591332974270491,2867,1615.286400000013,2867
1628963,Marvin Bagley III,-0.8611857826271625,-1.755554433669234,-2.6234314843916327,-6.248032322304063,0.948864200716431,301,184.97280000000015,301
1630581,Josh Giddey,-1.4330422089811297,-1.2024183072002266,-2.6421517842765923,-7.659121094499562,2.559829801483443,1875,1334.697600000006,1875
1630539,Kai Jones,-1.3744029620065772,-1.2651983763228616,-2.6462926064246757,-6.342521935038388,0.42921064298717737,619,408.19200000000075,619
1641796,Pelle Larsson,-0.9966416815326558,-1.6445986622482769,-2.6479316118761687,-8.25063318090526,3.305716300717294,942,601.209600000001,942
203500,Steven Adams,-0.5169734501646903,-2.1666140434212706,-2.6902787616811987,-7.821624162393467,2.4647434397999026,1254,740.1696000000017,1254
1628467,Maxi Kleber,-0.7968142729561773,-1.8925547832079201,-2.6960603242593315,-7.2104038193321545,1.7737606994683444,963,536.2656000000015,963
1627749,Dejounte Murray,0.058910476643833413,-2.7588870914524786,-2.7066678829038824,-7.282579084414562,2.543912133030635,888,667.0176000000014,888
1628420,Monté Morris,-1.3596149677346867,-1.3409051388026734,-2.707211374632598,-7.90522807646478,2.8572071728703357,580,369.6096000000006,580
202684,Tristan Thompson,-1.6737459202592513,-1.0324622261814587,-2.7128994145359457,-6.268552302190368,1.0619363360994818,423,311.3088000000005,423
1641713,GG Jackson,-2.1327461545370023,-0.5837087629944381,-2.7231461856266743,-7.136478872483358,1.7379791612473097,752,465.81120000000095,752
1642262,Cody Williams,-2.1522204615685117,-0.5679501686318055,-2.7268618982955526,-7.391039830468464,2.3733836753676405,1508,1058.7936000000025,1508
203992,Bogdan Bogdanović,-1.382620277275177,-1.4087269083838194,-2.7980384537542333,-7.423106758464744,1.4809901210033363,709,418.87680000000074,709
1630591,Jalen Suggs,-0.38573275476393076,-2.446027611416075,-2.838451634275245,-8.123816322685904,2.74148889917207,898,668.5824000000016,898
201988,Patty Mills,-1.4536649360851133,-1.3899107702520375,-2.850266974432388,-6.690842078807153,0.4485603263501142,318,205.5840000000002,318
1642530,Yuki Kawamura,-1.3973034730872742,-1.4473772244617285,-2.851371965644239,-7.084525690022252,0.4746819512349878,138,103.07520000000002,138
1630696,Dru Smith,0.057338161005012045,-2.914188102225933,-2.863541209316155,-6.663761955166529,0.34490539269481185,325,206.07360000000017,325
204456,T.J. McConnell,-1.0279679609383938,-1.8507947707759058,-2.8854539998095357,-7.305346924649656,2.048348972538579,1656,1034.3712000000035,1656
1629638,Nickeil Alexander-Walker,-1.9579611562240427,-0.9436813277007904,-2.9083337520200687,-7.769956288676371,2.2394840935405576,2325,1573.4208000000106,2325
1629028,Deandre Ayton,-2.66476218656056,-0.28614086505148295,-2.9575943197072774,-8.296028012052156,1.7715296264261797,871,660.3840000000018,871
1642353,Cam Christie,-1.7710638427775391,-1.192840714036592,-2.970595824909369,-7.220665535904211,0.9138403192511617,236,162.34560000000008,236
1641726,Dereck Lively II,-2.135632394213151,-0.8511929800061266,-2.993516642314512,-7.965422726473471,2.6097758816876304,687,489.5040000000005,687
1629599,Amir Coffey,-3.651476859295146,0.6485618005893707,-3.00960632680101,-8.3160578221163,2.0191769324453155,1854,1303.2384000000063,1854
1629130,Duncan Robinson,2.393346606982043,-5.419605504901433,-3.0329501660146247,-9.552292056975954,2.398083979332867,1402,970.4832000000026,1402
1641737,Adem Bona,-2.189778817732622,-0.9159789219215427,-3.1124490077494005,-9.59660799767006,2.9577535639414347,1018,660.6048000000011,1018
1629731,Dean Wade,-4.176543449893156,1.0631309340812245,-3.1201037839071666,-8.225322092967547,2.2476464909938563,1176,743.1840000000021,1176
203497,Rudy Gobert,-2.1581179689220256,-0.9610420933953651,-3.125851330412625,-8.187436879017815,2.291084629762497,1723,1254.0960000000082,1723
1642266,Ja'Kobe Walter,-4.549250241736913,1.396084324259335,-3.159857185572814,-9.666824538848562,3.425194976303817,1253,799.113600000003,1253
1627752,Taurean Prince,-2.47267496854818,-0.7069299377961475,-3.1862961744395624,-7.763482898230631,2.280179456868349,1685,1246.3488000000034,1685
201959,Taj Gibson,-2.4109518246073414,-0.8050072208491779,-3.2226503135517532,-7.05740083071299,1.2301917010818277,591,373.66080000000034,591
202692,Alec Burks,-1.455938904392343,-1.8514405716399187,-3.3140707441275,-10.386988859086063,3.897479822896908,872,576.6144000000012,872
1628401,Derrick White,-1.537024659743208,-1.8285774649751667,-3.3722933928136105,-9.301562422020734,3.0415748442882444,1526,1205.193600000004,1526
1631260,AJ Green,1.446029901603437,-4.82377381377981,-3.3844351802716095,-9.046296482479484,1.883133506022122,1759,1144.3488000000045,1759
1631111,Wendell Moore Jr.,-0.30920938078533255,-3.134498841264666,-3.450399490145234,-6.419096986119647,-0.00557125469592892,536,366.16320000000013,536
203954,Joel Embiid,-1.0670628441550647,-2.398404845528694,-3.4721589577789937,-7.568404085042,1.2704155332435534,495,364.62720000000036,495
1630243,Trevelin Queen,0.17917861817983802,-3.6490731122152362,-3.4765857621306355,-8.047140613349768,1.000953514154904,555,387.88800000000055,555
1626171,Bobby Portis,-3.2707747569745242,-0.235816099446616,-3.5132821245163783,-9.639538666656088,2.329052830130431,1346,915.5040000000032,1346
1631165,Keon Ellis,-2.528043225801641,-1.019998952493076,-3.5547334463899527,-8.561022049678543,1.5983541605617009,2580,1579.5936000000104,2580
1642272,Jared McCain,-1.9378190895202425,-1.6420848699301018,-3.5865952275455815,-7.222425113497625,-0.368465492444701,493,316.5408000000002,493
1629656,Quentin Grimes,-2.4621690197280346,-1.1877717739052605,-3.6566320617285295,-9.429487955697743,1.7516654056476897,2512,1669.219200000009,2512
1629673,Jordan Poole,-2.789176918923232,-0.8760563112509325,-3.6719244982694046,-9.04921196108693,1.7541230297723287,1850,1317.0336000000048,1850
1631131,Oscar Tshiebwe,-0.4023216988486271,-3.2845091010833336,-3.693522068027196,-6.988010265265152,0.347946739834854,228,172.0992000000001,228
1642265,Rob Dillingham,1.199957249030632,-4.913440053818794,-3.7201740728834,-8.884988726237344,0.7862643160599566,555,382.91520000000054,555
1626220,Royce O'Neale,-1.9527132510344714,-1.8684435370570622,-3.8278480561867694,-9.377636725632366,1.2789229408332679,2296,1424.1216000000102,2296
1630703,Scoot Henderson,-1.9860852844218388,-1.9347859567937526,-3.9275625093108277,-8.226986743630224,0.6673456314260229,2898,1837.238400000009,2898
202699,Tobias Harris,0.5195188317234607,-4.446029632546699,-3.9332020689184746,-10.239824486275749,1.7930795142627804,2363,1671.6288000000113,2363
1641718,Keyonte George,-1.7560966101231261,-2.245587677793384,-4.008375556011746,-9.9179389701119,2.0914735447928736,2239,1723.8432000000091,2239
1641757,Jordan Miller,-1.8628227986810766,-2.178225881276278,-4.047739948052594,-7.920556885855859,-0.25803733980442206,350,292.2048000000002,350
1627759,Jaylen Brown,-1.6519680765444371,-2.404439867853586,-4.063099212493258,-11.016787689645408,3.2958467352138845,1442,1204.0608000000045,1442
203110,Draymond Green,-0.6965329057140012,-3.444178192324098,-4.147402366133334,-8.575960550823677,0.32039040288015963,1900,1241.4144000000065,1900
201599,DeAndre Jordan,-1.0248284486634736,-3.1169598397245744,-4.1484795564832835,-7.920826561226945,0.1364882879912851,504,363.5328000000001,504
1641878,Damion Baugh,-3.421012358622385,-0.7309022375417027,-4.158605864259328,-7.992148205475902,-0.6065825255161191,540,364.2816000000005,540
1630540,Miles McBride,-1.4076384447615353,-2.746053573368264,-4.160383286225036,-9.414518602558775,0.22465638822840478,2074,1346.5728000000088,2074
1629004,Svi Mykhailiuk,-1.013888557947204,-3.1599272100977402,-4.180507036140182,-8.817530158094689,0.6850525561703549,634,449.7216000000009,634
1642382,Branden Carlson,-1.3017486119531647,-2.88109490116999,-4.18953478121839,-9.042103618818524,1.202298008481994,454,313.05600000000055,454
1642274,Yves Missi,-1.8675103476803094,-2.4622583134014575,-4.336459929177002,-9.940354962285877,0.5049655676608635,1532,1159.344000000005,1532
1628392,Isaiah Hartenstein,-2.0833762142593626,-2.250114432547357,-4.34018191490195,-9.305805165753107,1.350296587035761,777,628.5792000000016,777
1630168,Onyeka Okongwu,-3.086499973663565,-1.2536277590523823,-4.3468190008111804,-10.057086207279633,0.9540941727285953,2541,1757.3184000000115,2541
1630200,Tre Jones,0.24406918325165855,-4.6562083106033265,-4.418830395446903,-9.714557806010202,0.5586864234368994,1243,765.0048000000015,1243
1630230,Naji Marshall,-2.6408676327824434,-1.7779290143522213,-4.4254879152299,-9.275232907125956,0.7151821622441691,2333,1516.2720000000081,2333
1630188,Jalen Smith,-4.816549122902238,0.3849845028109373,-4.4382558881865375,-8.501484693785217,0.7074919791613483,1242,790.9440000000019,1242
1642269,Devin Carter,-2.1691674434850277,-2.2893589736338797,-4.465217685214145,-10.083900577175946,-0.22268422265201915,506,341.8656000000005,506
1629014,Anfernee Simons,1.8125196084637827,-6.323616515770424,-4.5177881754018765,-9.589953595457807,1.2346879897956597,1771,1493.6448000000053,1771
1631323,Simone Fontecchio,0.026715188665410033,-4.654675722853228,-4.634651802283054,-9.878577624819847,1.797977394402129,1718,1082.1024000000025,1718
203081,Damian Lillard,-1.772161440279487,-2.910611741151642,-4.68946444952636,-9.550635010074023,1.7212394090213663,1495,1122.7872000000034,1495
1641730,Noah Clowney,-2.2624196575121145,-2.558093643251644,-4.827204568858996,-10.623253627013728,1.2566909008667617,1139,687.8592000000017,1139
1630560,Cam Thomas,-1.084879802502553,-3.7994138454051627,-4.890984916002949,-9.364800365026907,-0.6481291638033243,615,418.18560000000036,615
1629029,Luka Dončić,-2.412384699913916,-2.5154558837316836,-4.934531851740835,-10.183818457631908,1.2203284758478357,1336,876.9120000000025,1336
1629651,Nic Claxton,-4.324635075712133,-0.6575326061281658,-4.988858949935534,-10.503064643633854,0.2722466501987162,1613,1146.8064000000036,1613
1631104,Blake Wesley,-2.1845532946339365,-2.94110710694626,-5.132351669675433,-11.863491169858298,0.8233205853335716,1043,628.3008000000021,1043
1630532,Franz Wagner,-3.5821414467654336,-1.5754887953802212,-5.164321510240891,-11.554468266374291,1.143785221897855,1902,1359.388800000008,1902
202331,Paul George,-2.839685345419237,-2.3701330014972704,-5.216509615011744,-10.802510706616701,0.3005210604413491,956,747.5712000000011,956
1641767,Ben Sheppard,-3.485565307808729,-1.785998621973866,-5.2782551978778365,-10.74045109486821,-0.3254048389427947,1703,1016.6304000000032,1703
1630288,Jeff Dowtin Jr.,-0.9063669510463268,-4.451319574174831,-5.364377793316394,-11.28471284245537,0.5230663622708597,844,536.9568000000008,844
1630570,Trendon Watford,-2.0095527723032216,-3.417416468941571,-5.433660509340033,-9.593404134698735,-0.9049395054172001,1063,635.5392000000015,1063
1628971,Bruce Brown,-2.9691112709424385,-2.7204290080392046,-5.696231547076877,-10.117398881176722,-1.0391387989151089,1195,762.9120000000008,1195
1626181,Norman Powell,-3.205397081880938,-2.5473108251235104,-5.759399175099684,-10.965416048255552,-0.09090325382350149,1115,860.8896000000013,1115
1630527,Brandon Boston,-3.722599127298478,-2.141229111476936,-5.870519506870654,-10.740107388980206,-1.0460098013522283,1105,698.678400000002,1105
1630182,Josh Green,-0.5364086166691167,-5.59755787303259,-6.140657757796942,-10.801613047854277,-1.822533257501923,1602,1074.8928000000046,1602
1629660,Ty Jerome,-5.518931156197437,-0.6244261650473243,-6.15004858934,-10.495958773054848,-2.0175579147301406,1578,988.0032000000031,1578
1642348,Justin Edwards,-2.6067212893583873,-3.921240362034772,-6.534652919488394,-13.264434567439565,0.43080768850247325,998,751.4688000000011,998
